{
  "version": 1,
  "author": "Budhaditya Biswas",
  "editor": "wokwi",
  "parts": [
    { "type": "wokwi-esp32-devkit-v1", "id": "esp", "top": 52.7, "left": 244.6, "attrs": {} },
    {
      "type": "wokwi-hc-sr04",
      "id": "ultrasonic1",
      "top": -65.7,
      "left": 5.5,
      "attrs": { "distance": "139" }
    },
    { "type": "wokwi-servo", "id": "servo1", "top": 84.81, "left": -96.4, "attrs": {} },
    {
      "type": "wokwi-led",
      "id": "led1",
      "top": -44.13,
      "left": -86.2,
      "attrs": { "color": "red" }
    },
    {
      "type": "wokwi-led",
      "id": "led2",
      "top": -48.8,
      "left": 227.13,
      "attrs": { "color": "limegreen", "flip": "1" }
    }
  ],
  "connections": [
    [ "esp:TX0", "$serialMonitor:RX", "", [] ],
    [ "esp:RX0", "$serialMonitor:TX", "", [] ],
    [ "servo1:GND", "esp:GND.2", "black", [ "h-44.1", "v112.72", "h280.67", "v-35.33" ] ],
    [ "esp:VIN", "servo1:V+", "red", [ "h-100.83", "v41.03", "h-297.33", "v-0.67" ] ],
    [ "servo1:PWM", "esp:D18", "green", [ "h-31.43", "v133.06", "h520.67", "v-2.67" ] ],
    [ "ultrasonic1:GND", "esp:GND.2", "black", [ "v183", "h8.03" ] ],
    [ "ultrasonic1:VCC", "esp:VIN", "red", [ "v191", "h166.2" ] ],
    [ "ultrasonic1:TRIG", "esp:D32", "green", [ "v0" ] ],
    [ "ultrasonic1:ECHO", "esp:D35", "green", [ "v0" ] ],
    [ "led1:A", "ultrasonic1:VCC", "red", [ "v40.33", "h142" ] ],
    [ "led2:A", "ultrasonic1:VCC", "red", [ "v46.33", "h-161.33" ] ],
    [ "led1:C", "esp:D33", "green", [ "v56.33", "h225.37", "v94" ] ],
    [ "led2:C", "esp:D25", "green", [ "v56.33", "h-87.3", "v102" ] ]
  ],
  "dependencies": {}
}